image,caption
,a very cute looking animal with big eyes.
,an adorable animal with large, expressive eyes.
,a sweet-looking creature with big round eyes.
,a charming animal with large, innocent eyes.
,a cute critter with big, shiny eyes.
,a blue cartoon character with a red nose and ears.
,a blue animated figure with bright red nose and ears.
,a cartoon character in blue with a red nose and ears.
,a blue figure with red nose and ears in a cartoon style.
,a blue cartoon with a red nose and bright ears.
,an emote emote emote emote emote emote emote em.
,a series of emote emote emote emote emote emote emote em.
,emote emote emote emote emote emote emote in a row.
,emote repeated emote emote emote emote emote emote.
,a chain of emote emote emote emote emote emote emote em.
,a cartoon character with a hat and glasses.
,a cartoon figure with a hat and spectacles.
,a character in a cartoon wearing glasses and a hat.
,a cartoon person with a hat and round glasses.
,a hat-wearing cartoon character with glasses.
,a blue cartoon character with its mouth open.
,a blue animated figure with an open mouth.
,a cartoon character in blue with its mouth agape.
,a blue cartoon with its mouth wide open.
,a blue figure with an open mouth in a cartoon style.
,a drawing of a reindeer with antlers on it's head.
,an illustration of a reindeer with antlers atop its head.
,a picture of a reindeer with horns on its head.
,a sketch of a reindeer with antlers on its head.
,a drawing showing a reindeer with antlers on its head.
,a purple bird with a yellow cross on it's head.
,a violet bird with a yellow mark on its head.
,a purple bird featuring a yellow cross on its head.
,a bird in purple with a yellow cross-shaped mark on its head.
,a purple bird with a cross of yellow on its head.
,a cartoon character with three green balls on his head.
,a cartoon figure with three green orbs on its head.
,a character in a cartoon with three green spheres on its head.
,a cartoon person with three green balls atop its head.
,a cartoon with three green circles on its head.
,a cartoon monkey flying with a bone in its mouth.
,a cartoon monkey soaring with a bone clutched in its mouth.
,a flying cartoon monkey holding a bone in its mouth.
,a monkey in a cartoon flying with a bone in its mouth.
,a cartoon ape flying while carrying a bone in its mouth.
,a cartoon character with two eyes and a mouth open.
,a cartoon figure with two eyes and an open mouth.
,a character in a cartoon with two eyes and an agape mouth.
,a cartoon person with two eyes and an open mouth.
,a cartoon character with two eyes and a wide-open mouth.
,a drawing of a pokemon with a flower on top of it.
,a sketch of a pokemon with a flower perched on it.
,a picture of a pokemon with a flower resting on top.
,an illustration of a pokemon with a flower on its head.
,a drawing showing a pokemon with a flower above it.
,a very cute looking pokemon with big eyes.
,an adorable pokemon with large, expressive eyes.
,a sweet-looking pokemon with big round eyes.
,a charming pokemon with large, innocent eyes.
,a cute pokemon with big, shiny eyes.
,a drawing of a green pokemon with red eyes.
,a sketch of a green pokemon with bright red eyes.
,a green pokemon with red eyes in a drawing.
,an illustration of a green pokemon with crimson eyes.
,a drawing showing a green pokemon with red eyes.
,a cartoon character flying through the air.
,a cartoon figure soaring through the sky.
,a character in a cartoon flying high above.
,a cartoon person gliding through the air.
,a cartoon character floating through the clouds.
,a white and red stuffed animal with black eyes.
,a plush toy in red and white with black eyes.
,a stuffed creature in white and red with dark eyes.
,a cuddly white and red animal with black eyes.
,a soft toy in red and white with pitch-black eyes.
,a drawing of a fish with a long tongue.
,a sketch of a fish with an extended tongue.
,an illustration of a fish with a lengthy tongue.
,a picture of a fish with a long, curling tongue.
,a drawing showing a fish with a tongue that's long.
,a very cute looking animal with a helmet on.
,an adorable animal wearing a helmet.
,a sweet-looking creature with a helmet on its head.
,a charming animal with a protective helmet.
,a cute critter with a helmet on its head.
,a drawing of a woman standing next to a giant animal.
,a sketch of a woman beside a large animal.
,an illustration of a woman next to a huge beast.
,a picture of a woman standing near a giant creature.
,a drawing showing a woman alongside a massive animal.
,a drawing of a blue and yellow dragon.
,a sketch of a dragon with blue and yellow scales.
,an illustration of a dragon in blue and yellow.
,a picture of a dragon with yellow and blue colors.
,a drawing depicting a blue and yellow dragon.
,a drawing of a dragon sitting on its hind legs.
,a sketch of a dragon perched on its back legs.
,an illustration of a dragon sitting upright.
,a picture of a dragon resting on its hind legs.
,a drawing showing a dragon seated on its hind legs.
,a drawing of a pokemon with a hat on top of it.
,a sketch of a pokemon with a hat resting on it.
,a picture of a pokemon with a hat perched on its head.
,an illustration of a pokemon with a hat on top.
,a drawing showing a pokemon with a hat above it.
,a cartoon picture of a tortoise with a cloud on its back.
,a cartoon image of a tortoise carrying a cloud on its back.
,a picture of a tortoise in a cartoon with a cloud on its shell.
,a cartoon tortoise with a cloud sitting on its back.
,a drawing of a tortoise with a cloud atop its back in a cartoon.
,a drawing of a pokemon with a blue hat.
,a sketch of a pokemon wearing a blue hat.
,an illustration of a pokemon with a hat that's blue.
,a picture of a pokemon with a blue hat on its head.
,a drawing showing a pokemon with a blue hat perched.
,a blueberry with a green leaf on it's head.
,a blueberry with a leafy green top.
,a blueberry fruit with a green leaf on its top.
,a picture of a blueberry with a green leaf sitting on top.
,a blueberry with a green leaf placed on its head.
,a purple snake sitting on top of a white background.
,a violet serpent resting on a white backdrop.
,a purple snake coiled on a plain white background.
,a drawing of a purple snake against a white background.
,a purple serpent positioned on a white surface.
,a very cute looking cartoon character with a big smile.
,an adorable cartoon figure with a wide grin.
,a sweet-looking cartoon character with a broad smile.
,a charming cartoon character with a beaming smile.
,a cute cartoon figure smiling brightly.
,a cartoon character with a hat on his head.
,a cartoon figure wearing a hat on his head.
,a character in a cartoon with a hat perched on his head.
,a cartoon person with a hat sitting on his head.
,a cartoon character with a hat resting on top of his head.
,a cartoon blue fish with a yellow fin.
,a blue fish in a cartoon with a yellow fin.
,a cartoon fish colored blue with a yellow fin.
,a blue fish with a yellow fin in cartoon style.
,a drawing of a blue cartoon fish with a yellow fin.
,a green bird with a red tail and a black nose.
,a bird in green with a red tail and a dark nose.
,a green feathered bird with a red tail and black beak.
,a green bird sporting a red tail and a black nose.
,a drawing of a green bird with a red tail and a dark nose.
,a drawing of a cartoon character with big eyes.
,a sketch of a cartoon figure with large eyes.
,an illustration of a cartoon character with big round eyes.
,a picture of a cartoon character with wide eyes.
,a drawing showing a cartoon figure with big eyes.
,a drawing of a cartoon character with a pink nose
,a sketch of a cartoon figure with a pink nose
,an illustration of a cartoon character with a rosy nose
,a picture of a cartoon character with a pink-colored nose
,a drawing showing a cartoon character with a pink nose
,an orange and blue cartoon character with big eyes
,a cartoon figure in orange and blue with large eyes
,a drawing of a character with big eyes in orange and blue
,an orange and blue animated figure with big, round eyes
,a cartoon character with big eyes in shades of orange and blue
,a cartoon of a pink creature with yellow eyes
,a pink creature in a cartoon with yellow eyes
,a cartoon character with a pink body and yellow eyes
,a drawing of a pink creature featuring yellow eyes
,a cartoon showing a pink being with bright yellow eyes
,a blue bird sitting on top of a cloud
,a bird in blue perched on a fluffy cloud
,a drawing of a blue bird resting on a cloud
,a blue feathered bird sitting on a white cloud
,a cartoon of a blue bird atop a cloud
,a drawing of a fish with a blue and yellow face
,a sketch of a fish with a blue and yellow head
,a picture of a fish with a face colored blue and yellow
,an illustration of a fish with a face in blue and yellow hues
,a drawing showing a fish with a blue and yellow face
,a drawing of a blue and red pokemon character
,a sketch of a pokemon in blue and red
,an illustration of a blue and red pokemon figure
,a picture of a pokemon character with blue and red colors
,a drawing depicting a pokemon in shades of blue and red
,a red and white ball with an angry look on its face
,a ball in red and white with an angry expression
,a drawing of a red and white ball with a furious face
,a red and white spherical figure with an angry appearance
,a cartoon of a red and white ball with an angry look
,a drawing of a yellow and green pokemon
,a sketch of a pokemon in yellow and green
,an illustration of a yellow and green pokemon figure
,a picture of a pokemon with yellow and green colors
,a drawing showing a pokemon in shades of yellow and green
,a yellow and black bee with a white background
,a bee in yellow and black against a white backdrop
,a drawing of a bee with yellow and black stripes on white
,a yellow and black insect on a plain white background
,a cartoon bee in yellow and black on a white background
,a cartoon elephant with a red nose and orange ears
,a cartoon of an elephant with a red nose and orange ears
,a drawing of an elephant with a red nose and orange-colored ears
,an elephant in a cartoon with a bright red nose and orange ears
,a cartoon elephant featuring a red nose and orange ears
,a drawing of a pink pokemon pokemon character
,a sketch of a pink pokemon character
,an illustration of a pink pokemon figure
,a picture of a pokemon character in pink
,a drawing showing a pink-colored pokemon character
,a drawing of a cartoon character holding two green balls
,a sketch of a cartoon figure holding two green spheres
,an illustration of a character with two green balls in hand
,a picture of a cartoon character gripping two green orbs
,a drawing depicting a cartoon character with two green balls
,a drawing of a blue sea turtle holding a rock
,a sketch of a blue sea turtle clutching a rock
,an illustration of a sea turtle in blue holding a stone
,a picture of a blue turtle carrying a roc
,a drawing showing a blue sea turtle with a rock in its grip
,a very cute looking animal with big eyes
,an adorable animal with large, expressive eyes
,a sweet-looking creature with big round eyes
,a charming animal with large, innocent eyes
,a cute critter with big, shiny eyes
,a cartoon character with a yellow shirt and blue pants
,a cartoon figure wearing a yellow shirt and blue trousers
,an illustration of a character in a yellow shirt and blue pants
,a picture of a cartoon character dressed in yellow and blue
,a drawing showing a character with a yellow shirt and blue pants
,a drawing of a purple and white animal
,a sketch of an animal in purple and white
,an illustration of a purple and white creature
,a picture of an animal with purple and white fur
,a drawing depicting a creature in purple and white
,an image of a cartoon character with a big smile
,a picture of a cartoon figure with a wide grin
,a cartoon character with a large, beaming smile
,an illustration of a cartoon character smiling broadly
,a drawing showing a cartoon figure with a big smile
,a blue and white cartoon character with a big smile
,a cartoon figure in blue and white with a wide grin
,a drawing of a character in blue and white with a big smile
,an illustration of a blue and white cartoon character smiling
,a picture of a cartoon character in blue and white with a large smile
,a drawing of a blue dragon with red eyes
,a sketch of a dragon in blue with red eyes
,an illustration of a blue dragon featuring red eyes
,a picture of a dragon in blue with crimson eyes
,a drawing showing a blue dragon with bright red eyes
,a drawing of a gray and white dragon
,a sketch of a dragon in shades of gray and white
,an illustration of a dragon with gray and white scales
,a picture of a dragon colored in gray and white
,a drawing depicting a dragon in gray and white hues
,a drawing of a blue and silver pokemon
,a sketch of a pokemon in blue and silver
,an illustration of a blue and silver pokemon figure
,a picture of a pokemon colored in blue and silver
,a drawing depicting a pokemon in shades of blue and silver
,a picture of a cartoon character with a hat on
,an image of a cartoon figure wearing a hat
,a cartoon character with a hat on their head
,an illustration of a cartoon character with a hat
,a picture showing a cartoon figure with a hat atop their head
,a drawing of a white and black cat with blue eyes
,a sketch of a cat in white and black with blue eyes
,an illustration of a cat with blue eyes in white and black
,a picture of a cat with blue eyes and black-and-white fur
,a drawing showing a black and white cat with blue eyes
,a very cute looking pokemon sitting on top of a rock
,an adorable pokemon perched on a rock
,a pokemon sitting on a rock with a cute expression
,a charming pokemon resting on a stone
,a picture of a pokemon on top of a rock with a sweet look
,a blue and orange fish with its mouth open
,a fish in blue and orange with an open mouth
,an illustration of a blue and orange fish with its mouth agape
,a picture of a fish with a blue and orange body and an open mouth
,a drawing depicting a fish in orange and blue with its mouth wide
,a drawing of a cartoon character with long legs
,a sketch of a cartoon figure with extended legs
,an illustration of a character in a cartoon with long legs
,a picture of a cartoon character featuring long legs
,a drawing showing a cartoon figure with elongated legs
,a cartoon bird with a hat on its head
,a bird in a cartoon wearing a hat
,an illustration of a cartoon bird with a hat on
,a picture of a bird with a hat in cartoon style
,a drawing depicting a cartoon bird with a hat atop its head
,a pikachu holding a cell phone and wearing a bow tie
,a picture of pikachu with a phone and a bow tie
,an illustration of pikachu holding a mobile and dressed with a bow tie
,a drawing of pikachu carrying a cell phone and wearing a bow tie
,a cartoon of pikachu with a cell phone in hand and a bow tie around its neck
,a picture of a cartoon character with a sword
,an image of a cartoon figure holding a sword
,a cartoon character brandishing a sword
,a drawing of a cartoon figure with a sword in hand
,an illustration showing a cartoon character wielding a sword
,a cartoon pikachu with a pink dress and a pink bow
,a pikachu in a pink dress with a matching bow
,an illustration of pikachu wearing a pink dress and bow
,a picture of pikachu dressed in pink with a bow in its hair
,a cartoon showing pikachu in a pink outfit with a bow
,a cartoon bee with a big smile on it's face
,a bee in a cartoon smiling widely
,a drawing of a bee with a big grin in a cartoon
,an illustration of a cartoon bee with a large smile
,a picture of a bee in a cartoon with a broad grin
,a drawing of a shark with a fish in it's mouth
,a sketch of a shark clutching a fish in its mouth
,an illustration of a shark biting down on a fish
,a picture of a shark holding a fish in its mouth
,a drawing showing a shark with a fish trapped in its jaws
,a cartoon character with a purple hat and purple hair
,a character in a cartoon with matching purple hat and hair
,an illustration of a cartoon figure with purple hair and a hat
,a picture of a cartoon character wearing a purple hat and having purple hair
,a cartoon showing a character with purple hair and a purple hat
,a drawing of a dragon with black and white spots
,a sketch of a dragon covered in black and white spots
,an illustration of a spotted dragon in black and white
,a picture of a dragon with a spotted black and white pattern
,a drawing showing a dragon adorned with black and white spots
,a cartoon giraffe sitting down with its eyes wide open
,a giraffe in a cartoon sitting with wide eyes
,an illustration of a giraffe sitting with big open eyes in a cartoon
,a picture of a cartoon giraffe with eyes wide open sitting down
,a cartoon showing a giraffe seated with its eyes wide open
,a drawing of a blue and yellow pokemon
,a sketch of a pokemon in shades of blue and yellow
,an illustration of a pokemon with blue and yellow colors
,a picture of a blue and yellow pokemon figure
,a drawing depicting a pokemon in blue and yellow hues
,a green bird with a hat on its head
,a bird in green wearing a hat on its head
,a sketch of a green bird with a hat perched on its head
,an illustration of a green bird with a hat atop its head
,a picture showing a green bird with a hat on its head
,a very cute looking animal with big ears
,an adorable creature with large ears
,a charming animal with big, floppy ears
,a sweet-looking animal with prominent ears
,a picture of a cute animal with big, noticeable ears
,a couple of pokemon standing next to each other
,two pokemon standing side by side
,a pair of pokemon standing together
,an illustration of two pokemon standing close
,a picture of a couple of pokemon standing nearby each other
,a cartoon dog is standing in a pose
,a dog in a cartoon striking a pose
,an illustration of a cartoon dog standing in a stance
,a picture of a cartoon dog holding a pose
,a drawing showing a cartoon dog standing in a position
,a drawing of a cartoon character flying through the air
,a sketch of a cartoon figure soaring through the sky
,an illustration of a character flying in a cartoon scene
,a picture of a cartoon character in mid-air
,a drawing showing a cartoon character taking flight
,a drawing of a bug with a re
,a sketch of a bug with an unusual feature
,an illustration of a bug with a peculiar detail
,a picture of a bug with an interesting characteristic
,a drawing showing a bug with a distinctive mark
,a cartoon cat is holding onto a leash
,a sketch of a cartoon cat gripping a leash
,an illustration of a cat in a cartoon holding a leash
,a picture of a cartoon cat with a leash in its paw
,a drawing showing a cartoon cat attached to a leash
,a blue and yellow dragon flying through the air
,a dragon in blue and yellow soaring through the sky
,an illustration of a dragon in blue and yellow in flight
,a picture of a blue and yellow dragon gliding through the air
,a drawing showing a dragon with blue and yellow colors flying
,a gray and white object with a red light
,a gray and white item featuring a red light
,an illustration of a gray and white object with a red illumination
,a picture of a gray and white thing with a red light
,a drawing depicting a gray and white object with a red light source
,a drawing of a white and blue pokemon
,a sketch of a pokemon in white and blue
,an illustration of a pokemon colored white and blue
,a picture of a white and blue pokemon figure
,a drawing showing a pokemon with white and blue hues
,a drawing of a blue and red pokemon
,a sketch of a pokemon in blue and red
,an illustration of a pokemon in shades of blue and red
,a picture of a blue and red pokemon figure
,a drawing depicting a pokemon with blue and red colors
,a cartoon character flying through the air
,a sketch of a cartoon figure soaring in the sky
,an illustration of a cartoon character in flight
,a picture of a character flying through a cartoon scene
,a drawing showing a cartoon character in mid-air
,a drawing of a cartoon character holding a surfboard
,a sketch of a cartoon figure gripping a surfboard
,an illustration of a cartoon character with a surfboard
,a picture of a character in a cartoon holding a surfboard
,a drawing depicting a cartoon figure carrying a surfboard
,a drawing of a green and red dragon
,a sketch of a dragon in green and red
,an illustration of a dragon with green and red colors
,a picture of a dragon in shades of green and red
,a drawing showing a dragon with green and red hues
,a bird with a long beak flying through the air
,a sketch of a bird with an elongated beak in flight
,an illustration of a bird with a long beak soaring
,a picture of a bird with a lengthy beak flying through the sky
,a drawing showing a bird with a long beak in mid-air
,a drawing of a purple cat with its mouth open
,a sketch of a cat in purple with an open mouth
,an illustration of a purple-colored cat with its mouth agape
,a picture of a purple cat showing its open mouth
,a drawing depicting a cat in purple with an open mouth
,a drawing of a pink bird with black eyes
,a sketch of a bird in pink with dark eyes
,an illustration of a bird with pink feathers and black eyes
,a picture of a pink bird featuring black eyes
,a drawing showing a pink-colored bird with black eyes
,a black and white fish with pink eyes
,a sketch of a fish in black and white with pink eyes
,an illustration of a fish in monochrome with pink eyes
,a picture of a fish in black and white with bright pink eyes
,a drawing showing a black-and-white fish with pink eyes
,a green pokemon sitting on top of a leaf
,a sketch of a pokemon in green resting on a leaf
,an illustration of a green pokemon perched on a leaf
,a picture of a green pokemon sitting on a large leaf
,a drawing showing a green-colored pokemon atop a leaf
,a blue and white bird with its wings spread
,a bird in blue and white with open wings
,a sketch of a bird in blue and white with extended wings
,an illustration of a blue and white bird with wings outstretched
,a picture of a bird in blue and white with spread wings
,a drawing of a cartoon character with blue eyes
,a sketch of a cartoon figure with bright blue eyes
,an illustration of a cartoon character featuring blue eyes
,a picture of a cartoon character with large blue eyes
,a drawing showing a character in a cartoon with blue eyes
,a cartoon bunny flying through the air
,a sketch of a cartoon rabbit soaring through the sky
,an illustration of a bunny in a cartoon flying
,a picture of a cartoon bunny in mid-air
,a drawing depicting a bunny flying in a cartoon scene
,a cartoon picture of a devil with horns and legs
,a drawing of a cartoon devil with horns and legs
,an illustration of a devilish figure in a cartoon with horns and legs
,a picture of a cartoon devil with visible horns and legs
,a sketch of a cartoon devil showing horns and legs
,an image of an animal with big eyes
,a picture of an animal featuring large eyes
,a sketch of an animal with prominent big eyes
,an illustration of an animal with oversized eyes
,a drawing showing an animal with big, noticeable eyes
,an origami dog with a pink and blue body
,a paper-crafted dog in pink and blue
,a sketch of an origami dog with a pink and blue design
,an illustration of a pink and blue origami dog
,a picture of a dog made from paper in pink and blue
,a blue and yellow shark with its mouth open
,a sketch of a shark in blue and yellow with an open mouth
,an illustration of a blue and yellow shark showing its mouth wide
,a picture of a shark in blue and yellow with its mouth agape
,a drawing showing a shark in blue and yellow with an open mouth
,a drawing of a person on a ball with wings
,a sketch of a person seated on a ball with wings
,an illustration of a figure riding a ball with wings
,a picture of a person balanced on a ball with winged features
,a drawing depicting a person on a ball with wings extended
,a drawing of a cartoon character holding a flame
,a sketch of a cartoon figure gripping a flame
,an illustration of a character in a cartoon with a flame in hand
,a picture of a cartoon character holding a fire
,a drawing showing a cartoon figure holding a blazing flame
,a very cute looking pokemon type pokemon type pokemon type pokemon type pokemon type pokemon type
,an adorable pokemon type figure with an endearing appearance
,a charming pokemon type with a very cute look
,a sweet-looking pokemon type with a cute design
,a drawing of a very cute pokemon type character
,a drawing of a blue pokemon laying down
,a sketch of a blue pokemon resting on its side
,an illustration of a blue-colored pokemon lying down
,a picture of a blue pokemon in a relaxed position
,a drawing showing a blue pokemon lying flat
,a drawing of a blue and green dinosaur with a pink flower on its back
,a sketch of a blue and green dinosaur featuring a pink flower
,an illustration of a dinosaur in blue and green with a pink flower on its back
,a picture of a blue and green dinosaur with a pink floral detail
,a drawing showing a dinosaur with blue and green colors and a pink flower
,a cartoon of a crescent moon with a pink eye
,a sketch of a cartoon crescent moon with a pink eye
,an illustration of a crescent moon with a pink eye in a cartoon style
,a picture of a cartoon moon with a crescent shape and a pink eye
,a drawing showing a crescent moon with a pink eye
,a blue bird with a big smile on it's face
,a cartoon bird in blue with a broad grin
,a sketch of a blue bird showing a big smile
,an illustration of a blue bird with a happy expression
,a picture of a blue bird smiling widely
,a cartoon animal with a pink ball on its head
,a sketch of a cartoon creature with a pink ball on its head
,an illustration of a cartoon animal with a pink ball perched on its head
,a picture of a cartoon figure with a pink ball on top
,a drawing showing a cartoon animal with a pink ball resting on its head